type,v_nom,r_per_length,x_per_length,c_per_length,i_nom,f_nom,samples
US_69kV,69.0,0.12219963038239687,0.3067204827118452,17.231430698275926,0.5089049764074354,60.0,9710
US_100kV,100.0,0.09734548750150605,0.4166418118189771,12.65370657402665,0.760601244630413,60.0,13695
US_115kV,115.0,0.07594169950761362,0.3504533829477337,15.10192697443742,0.8098467123737264,60.0,7891
US_138kV,138.0,0.06370099555163136,0.36259940028118914,14.572355929199166,0.9447625926695746,60.0,15612
US_161kV,161.0,0.06208553763106789,0.37374588403722264,14.135305067732304,0.9513011143517013,60.0,6499
US_230kV,230.0,0.044640813922837044,0.40296914704555076,13.14365444565673,1.352505761040741,60.0,1794
US_345kV,345.0,0.030353280772648473,0.36406029774489074,14.413323633130462,2.0050789131291307,60.0,2305
US_500kV,500.0,0.020297433635653915,0.34346947037246905,15.159060758799463,2.9862692118483447,60.0,1264
US_765kV,765.0,0.013200852575439521,0.36772531202643083,14.263716893076822,3.1099745823789284,60.0,232
